[{"model": "flood_relief_center.need", "pk": 1, "fields": {"name": "food and water"}}, {"model": "flood_relief_center.need", "pk": 2, "fields": {"name": "shelter"}}, {"model": "flood_relief_center.need", "pk": 3, "fields": {"name": "clothing"}}, {"model": "flood_relief_center.need", "pk": 4, "fields": {"name": "medical supplies"}}, {"model": "flood_relief_center.need", "pk": 5, "fields": {"name": "medical attention"}}, {"model": "flood_relief_center.need", "pk": 6, "fields": {"name": "water purification tablets"}}, {"model": "flood_relief_center.reliefcenter", "pk": 1, "fields": {"name": "Central Relief Center", "location": "Bangkok", "capacity": 102, "currentOccupancy": 50, "centerNumber": "874-219-30"}}, {"model": "flood_relief_center.reliefcenter", "pk": 2, "fields": {"name": "North Relief Center", "location": "Chiang Mai", "capacity": 80, "currentOccupancy": 30, "centerNumber": "631-548-90"}}, {"model": "flood_relief_center.reliefcenter", "pk": 3, "fields": {"name": "South Relief Center", "location": "Hat Yai", "capacity": 60, "currentOccupancy": 20, "centerNumber": "452-786-10"}}, {"model": "flood_relief_center.reliefcenter", "pk": 4, "fields": {"name": "East Relief Center", "location": "Pattaya", "capacity": 90, "currentOccupancy": 40, "centerNumber": "917-405-32"}}, {"model": "flood_relief_center.reliefcenter", "pk": 5, "fields": {"name": "Northeast Relief Center", "location": "Khon Kaen", "capacity": 50, "currentOccupancy": 25, "centerNumber": "289-640-71"}}, {"model": "flood_relief_center.reliefcenter", "pk": 6, "fields": {"name": "Bangkok West Relief Center", "location": "Bangkok", "capacity": 110, "currentOccupancy": 60, "centerNumber": "564-817-43"}}, {"model": "flood_relief_center.reliefcenter", "pk": 7, "fields": {"name": "Bangkok East Relief Center", "location": "Bangkok", "capacity": 120, "currentOccupancy": 70, "centerNumber": "731-256-89"}}, {"model": "flood_relief_center.reliefcenter", "pk": 8, "fields": {"name": "Sukhothai Relief Center", "location": "Sukhothai", "capacity": 40, "currentOccupancy": 15, "centerNumber": "409-375-62"}}, {"model": "flood_relief_center.reliefcenter", "pk": 9, "fields": {"name": "Samut Prakan Relief Center", "location": "Samut Prakan", "capacity": 150, "currentOccupancy": 80, "centerNumber": "892-547-31"}}, {"model": "flood_relief_center.reliefcenter", "pk": 10, "fields": {"name": "Samut Prakan Emergency Center", "location": "Samut Prakan", "capacity": 200, "currentOccupancy": 116, "centerNumber": "618-904-78"}}, {"model": "flood_relief_center.reliefcenter", "pk": 16, "fields": {"name": "Nakhon Ratchasima Center", "location": "Nakhon Ratchasima", "capacity": 3000, "currentOccupancy": 1500, "centerNumber": "123-569-99"}}, {"model": "flood_relief_center.reliefcenter", "pk": 17, "fields": {"name": "Phitsanulok Aid Center", "location": "Phitsanulok", "capacity": 100, "currentOccupancy": 40, "centerNumber": "777-777-77"}}, {"model": "flood_relief_center.affectedarea", "pk": 1, "fields": {"name": "Bangkok", "population": 8000000, "damageLevel": "severe", "needs": [1, 4]}}, {"model": "flood_relief_center.affectedarea", "pk": 2, "fields": {"name": "Nakhon Ratchasima", "population": 3000000, "damageLevel": "moderate", "needs": [2, 3]}}, {"model": "flood_relief_center.affectedarea", "pk": 3, "fields": {"name": "Ayutthaya", "population": 800000, "damageLevel": "severe", "needs": [1]}}, {"model": "flood_relief_center.affectedarea", "pk": 4, "fields": {"name": "Chiang Mai", "population": 1200000, "damageLevel": "minor", "needs": [4]}}, {"model": "flood_relief_center.affectedarea", "pk": 5, "fields": {"name": "Phitsanulok", "population": 500000, "damageLevel": "severe", "needs": [1]}}, {"model": "flood_relief_center.affectedarea", "pk": 6, "fields": {"name": "Sukhothai", "population": 300000, "damageLevel": "moderate", "needs": [2]}}, {"model": "flood_relief_center.affectedarea", "pk": 7, "fields": {"name": "Prachuap Khiri Khan", "population": 300000, "damageLevel": "minor", "needs": [1]}}, {"model": "flood_relief_center.affectedarea", "pk": 8, "fields": {"name": "Samut Prakan", "population": 2000000, "damageLevel": "severe", "needs": [6]}}, {"model": "flood_relief_center.affectedarea", "pk": 10, "fields": {"name": "Hospital A", "population": 3000, "damageLevel": "moderate", "needs": [4]}}, {"model": "flood_relief_center.rescueteam", "pk": 1, "fields": {"teamName": "Bangkok Rescue Team A", "taskType": "Evacuation and Medical Aid", "center": 1}}, {"model": "flood_relief_center.rescueteam", "pk": 2, "fields": {"teamName": "Nakhon Ratchasima Team B", "taskType": "Search and Rescue Operations", "center": 16}}, {"model": "flood_relief_center.rescueteam", "pk": 3, "fields": {"teamName": "Ayutthaya Response Team C", "taskType": "Relief Distribution", "center": 1}}, {"model": "flood_relief_center.rescueteam", "pk": 4, "fields": {"teamName": "Chiang Mai Volunteers D", "taskType": "Medical Assistance and Shelter Setup", "center": 2}}, {"model": "flood_relief_center.rescueteam", "pk": 5, "fields": {"teamName": "Phitsanulok Team E", "taskType": "Food Distribution and Safety Checks", "center": 17}}, {"model": "flood_relief_center.victim", "pk": 1, "fields": {"name": "Somchai Prakob", "age": 45, "address": "123/45 Sukhumvit Rd.", "familyMembers": 4, "currentStatus": "safe", "center": 1, "riskLevel": 3, "victimNumber": "415-632-54", "needs": [1]}}, {"model": "flood_relief_center.victim", "pk": 2, "fields": {"name": "Anong Suwan", "age": 31, "address": "456/78 Chao Phraya Rd., Nakhon Ratchasima h", "familyMembers": 2, "currentStatus": "safe", "center": 2, "riskLevel": 2, "victimNumber": "617-294-76", "needs": [4]}}, {"model": "flood_relief_center.victim", "pk": 3, "fields": {"name": "Kanya Srisai", "age": 60, "address": "789/12 Ayutthaya Rd., Ayutthaya", "familyMembers": 3, "currentStatus": "injured", "center": 3, "riskLevel": 4, "victimNumber": "845-639-21", "needs": [2, 6]}}, {"model": "flood_relief_center.victim", "pk": 4, "fields": {"name": "Niran Khamhaeng", "age": 25, "address": "321/54 Chiang Mai Rd., Chiang Mai", "familyMembers": 1, "currentStatus": "safe", "center": 2, "riskLevel": 2, "victimNumber": "503-721-98", "needs": [5]}}, {"model": "flood_relief_center.victim", "pk": 5, "fields": {"name": "Preecha Kwanjai", "age": 50, "address": "654/32 Phitsanulok Rd., Phitsanulok", "familyMembers": 2, "currentStatus": "safe", "center": 5, "riskLevel": 3, "victimNumber": "720-358-12", "needs": [1]}}, {"model": "flood_relief_center.victim", "pk": 6, "fields": {"name": "Smornsri Farankul", "age": 300, "address": "Bangkok BangMod", "familyMembers": 5, "currentStatus": "injured", "center": 6, "riskLevel": 2, "victimNumber": "954-426-87", "needs": [2]}}, {"model": "flood_relief_center.victim", "pk": 8, "fields": {"name": "Baki Niku", "age": 44, "address": "Idk bro", "familyMembers": 1, "currentStatus": "missing", "center": 9, "riskLevel": 3, "victimNumber": "922-273-47", "needs": [1, 2, 4, 5, 6]}}, {"model": "flood_relief_center.victim", "pk": 9, "fields": {"name": "A guyu", "age": 10, "address": "idk", "familyMembers": 4, "currentStatus": "safe", "center": 10, "riskLevel": 1, "victimNumber": "1234567789", "needs": [1, 2, 3, 4, 5]}}, {"model": "flood_relief_center.aidpackage", "pk": 1, "fields": {"aid_type": "Food Pack", "quantity": 100, "distributionDate": "2024-11-01", "center": 1, "victim": null}}, {"model": "flood_relief_center.aidpackage", "pk": 2, "fields": {"aid_type": "Water Bottles", "quantity": 200, "distributionDate": "2024-11-02", "center": 2, "victim": null}}, {"model": "flood_relief_center.aidpackage", "pk": 3, "fields": {"aid_type": "Clothing Set", "quantity": 150, "distributionDate": "2024-11-03", "center": 3, "victim": null}}, {"model": "flood_relief_center.volunteer", "pk": 1, "fields": {"name": "Nattawut Jitnapa", "position": "staff", "availabilityStatus": "available", "team": 1}}, {"model": "flood_relief_center.volunteer", "pk": 2, "fields": {"name": "Kanya Rattanakosin", "position": "volunteer", "availabilityStatus": "unavailable", "team": 2}}, {"model": "flood_relief_center.volunteer", "pk": 3, "fields": {"name": "Somyot Wongkham", "position": "staff", "availabilityStatus": "available", "team": 3}}, {"model": "flood_relief_center.volunteer", "pk": 4, "fields": {"name": "cxc", "position": "volunteer", "availabilityStatus": "unavailable", "team": 3}}, {"model": "flood_relief_center.volunteer", "pk": 5, "fields": {"name": "xcx", "position": "volunteer", "availabilityStatus": "unavailable", "team": 3}}, {"model": "flood_relief_center.volunteer", "pk": 9, "fields": {"name": "Toji Idk", "position": "staff", "availabilityStatus": "available", "team": 1}}, {"model": "flood_relief_center.donation", "pk": 1, "fields": {"donorName": "Thai Red Cross Society", "donation_type": "money", "amount": "10000.00", "donationDate": "2024-11-01"}}, {"model": "flood_relief_center.donation", "pk": 2, "fields": {"donorName": "Local Businesses Group", "donation_type": "supplies", "amount": "50000.00", "donationDate": "2024-11-02"}}, {"model": "flood_relief_center.donation", "pk": 3, "fields": {"donorName": "Individual Donor A", "donation_type": "money", "amount": "20000.00", "donationDate": "2024-11-06"}}, {"model": "flood_relief_center.donation", "pk": 5, "fields": {"donorName": "re", "donation_type": "supplies", "amount": "2222.00", "donationDate": "2024-11-04"}}, {"model": "flood_relief_center.donation", "pk": 7, "fields": {"donorName": "Mink", "donation_type": "money", "amount": "1000.00", "donationDate": "2024-11-26"}}, {"model": "flood_relief_center.member", "pk": 1, "fields": {"name": "Dr. Somchai Wongkham", "role": "Emergency Physician", "contactInfo": "somchai@example.com", "team": 1}}, {"model": "flood_relief_center.member", "pk": 2, "fields": {"name": "Ms. Anong Srisai", "role": "Psychologist", "contactInfo": "anong@example.com", "team": 2}}, {"model": "flood_relief_center.member", "pk": 3, "fields": {"name": "Mr. Niran Khamhaeng", "role": "Logistics Coordinator", "contactInfo": "niran@example.com", "team": 3}}, {"model": "flood_relief_center.finance", "pk": 1, "fields": {"finance_type": "donation", "amount": "50000.00", "date": "2024-11-01", "source": "Thai Red Cross Society", "center": 1}}, {"model": "flood_relief_center.finance", "pk": 2, "fields": {"finance_type": "grant", "amount": "100000.00", "date": "2024-11-02", "source": "Government Fund", "center": 2}}, {"model": "flood_relief_center.finance", "pk": 3, "fields": {"finance_type": "grant", "amount": "1000.00", "date": "2024-11-24", "source": "2", "center": 1}}, {"model": "flood_relief_center.finance", "pk": 4, "fields": {"finance_type": "expense", "amount": "11111.00", "date": "2024-11-24", "source": "1", "center": 1}}, {"model": "flood_relief_center.finance", "pk": 5, "fields": {"finance_type": "grant", "amount": "1007.00", "date": "2024-11-26", "source": "Mink", "center": 1}}]