[{"model": "flood_relief_center.need", "pk": 1, "fields": {"name": "food and water"}}, {"model": "flood_relief_center.need", "pk": 2, "fields": {"name": "shelter"}}, {"model": "flood_relief_center.need", "pk": 3, "fields": {"name": "clothing"}}, {"model": "flood_relief_center.need", "pk": 4, "fields": {"name": "medical supplies"}}, {"model": "flood_relief_center.need", "pk": 5, "fields": {"name": "medical attention"}}, {"model": "flood_relief_center.need", "pk": 6, "fields": {"name": "water purification tablets"}}, {"model": "flood_relief_center.reliefcenter", "pk": 1, "fields": {"name": "Central Relief Center", "location": "Bangkok", "capacity": 100, "currentOccupancy": 50, "centerNumber": "CR001"}}, {"model": "flood_relief_center.reliefcenter", "pk": 2, "fields": {"name": "North Relief Center", "location": "Chiang Mai", "capacity": 80, "currentOccupancy": 30, "centerNumber": "NR002"}}, {"model": "flood_relief_center.reliefcenter", "pk": 3, "fields": {"name": "South Relief Center", "location": "Hat Yai", "capacity": 60, "currentOccupancy": 20, "centerNumber": "SR003"}}, {"model": "flood_relief_center.reliefcenter", "pk": 4, "fields": {"name": "East Relief Center", "location": "Pattaya", "capacity": 90, "currentOccupancy": 40, "centerNumber": "ER004"}}, {"model": "flood_relief_center.reliefcenter", "pk": 5, "fields": {"name": "Northeast Relief Center", "location": "Khon Kaen", "capacity": 50, "currentOccupancy": 25, "centerNumber": "NER006"}}, {"model": "flood_relief_center.reliefcenter", "pk": 6, "fields": {"name": "Bangkok West Relief Center", "location": "Bangkok", "capacity": 110, "currentOccupancy": 60, "centerNumber": "BWR007"}}, {"model": "flood_relief_center.reliefcenter", "pk": 7, "fields": {"name": "Bangkok East Relief Center", "location": "Bangkok", "capacity": 120, "currentOccupancy": 70, "centerNumber": "BER008"}}, {"model": "flood_relief_center.reliefcenter", "pk": 8, "fields": {"name": "Sukhothai Relief Center", "location": "Sukhothai", "capacity": 40, "currentOccupancy": 15, "centerNumber": "SRC009"}}, {"model": "flood_relief_center.reliefcenter", "pk": 9, "fields": {"name": "Samut Prakan Relief Center", "location": "Samut Prakan", "capacity": 150, "currentOccupancy": 80, "centerNumber": "SPR010"}}, {"model": "flood_relief_center.affectedarea", "pk": 1, "fields": {"name": "Bangkok", "population": 8000000, "damageLevel": "severe", "needs": [1, 4]}}, {"model": "flood_relief_center.affectedarea", "pk": 2, "fields": {"name": "Nakhon Ratchasima", "population": 3000000, "damageLevel": "moderate", "needs": [2, 3]}}, {"model": "flood_relief_center.affectedarea", "pk": 3, "fields": {"name": "Ayutthaya", "population": 800000, "damageLevel": "severe", "needs": [1]}}, {"model": "flood_relief_center.affectedarea", "pk": 4, "fields": {"name": "Chiang Mai", "population": 1200000, "damageLevel": "minor", "needs": [4]}}, {"model": "flood_relief_center.affectedarea", "pk": 5, "fields": {"name": "Phitsanulok", "population": 500000, "damageLevel": "severe", "needs": [1]}}, {"model": "flood_relief_center.affectedarea", "pk": 6, "fields": {"name": "Sukhothai", "population": 300000, "damageLevel": "moderate", "needs": [2]}}, {"model": "flood_relief_center.affectedarea", "pk": 7, "fields": {"name": "Prachuap Khiri Khan", "population": 300000, "damageLevel": "minor", "needs": [1]}}, {"model": "flood_relief_center.affectedarea", "pk": 8, "fields": {"name": "Samut Prakan", "population": 2000000, "damageLevel": "severe", "needs": [6]}}, {"model": "flood_relief_center.rescueteam", "pk": 1, "fields": {"teamName": "Bangkok Rescue Team A", "taskType": "Evacuation and Medical Aid", "area": 1}}, {"model": "flood_relief_center.rescueteam", "pk": 2, "fields": {"teamName": "Nakhon Ratchasima Team B", "taskType": "Search and Rescue Operations", "area": 2}}, {"model": "flood_relief_center.rescueteam", "pk": 3, "fields": {"teamName": "Ayutthaya Response Team C", "taskType": "Relief Distribution", "area": 3}}, {"model": "flood_relief_center.rescueteam", "pk": 4, "fields": {"teamName": "Chiang Mai Volunteers D", "taskType": "Medical Assistance and Shelter Setup", "area": 4}}, {"model": "flood_relief_center.rescueteam", "pk": 5, "fields": {"teamName": "Phitsanulok Team E", "taskType": "Food Distribution and Safety Checks", "area": 5}}, {"model": "flood_relief_center.victim", "pk": 1, "fields": {"name": "Somchai Prakob", "age": 45, "address": "123/45 Sukhumvit Rd.", "familyMembers": 4, "currentStatus": "safe", "center": 1, "riskLevel": 3, "victimNumber": "V001", "needs": [1]}}, {"model": "flood_relief_center.victim", "pk": 2, "fields": {"name": "Anong Suwan", "age": 30, "address": "456/78 Chao Phraya Rd., Nakhon Ratchasima", "familyMembers": 2, "currentStatus": "safe", "center": 2, "riskLevel": 2, "victimNumber": "V002", "needs": [4]}}, {"model": "flood_relief_center.aidpackage", "pk": 1, "fields": {"aid_type": "Food Pack", "quantity": 100, "distributionDate": "2024-11-01", "center": 1, "victim": null}}, {"model": "flood_relief_center.aidpackage", "pk": 2, "fields": {"aid_type": "Water Bottles", "quantity": 200, "distributionDate": "2024-11-02", "center": 2, "victim": null}}, {"model": "flood_relief_center.aidpackage", "pk": 3, "fields": {"aid_type": "Clothing Set", "quantity": 150, "distributionDate": "2024-11-03", "center": 3, "victim": null}}, {"model": "flood_relief_center.volunteer", "pk": 1, "fields": {"name": "Nattawut Jitnapa", "position": "staff", "availabilityStatus": "available", "team": 1}}, {"model": "flood_relief_center.volunteer", "pk": 2, "fields": {"name": "Kanya Rattanakosin", "position": "volunteer", "availabilityStatus": "unavailable", "team": 2}}, {"model": "flood_relief_center.volunteer", "pk": 3, "fields": {"name": "Somyot Wongkham", "position": "staff", "availabilityStatus": "available", "team": 3}}, {"model": "flood_relief_center.donation", "pk": 1, "fields": {"donorName": "Thai Red Cross Society", "donation_type": "money", "amount": "10000.00", "package": null, "donationDate": "2024-11-01"}}, {"model": "flood_relief_center.donation", "pk": 2, "fields": {"donorName": "Local Businesses Group", "donation_type": "supplies", "amount": "50000.00", "package": 1, "donationDate": "2024-11-02"}}, {"model": "flood_relief_center.member", "pk": 1, "fields": {"name": "Dr. Somchai Wongkham", "role": "Emergency Physician", "contactInfo": "somchai@example.com", "team": 1}}, {"model": "flood_relief_center.member", "pk": 2, "fields": {"name": "Ms. Anong Srisai", "role": "Psychologist", "contactInfo": "anong@example.com", "team": 2}}, {"model": "flood_relief_center.member", "pk": 3, "fields": {"name": "Mr. Niran Khamhaeng", "role": "Logistics Coordinator", "contactInfo": "niran@example.com", "team": 3}}, {"model": "flood_relief_center.finance", "pk": 1, "fields": {"finance_type": "donation", "amount": "50000.00", "date": "2024-11-01", "source": "Thai Red Cross Society", "center": 1}}, {"model": "flood_relief_center.finance", "pk": 2, "fields": {"finance_type": "grant", "amount": "100000.00", "date": "2024-11-02", "source": "Government Fund", "center": 2}}]